<?xml version="1.0" encoding="UTF-8"?>
<project-private xmlns="http://www.netbeans.org/ns/project-private/1">
    <editor-bookmarks xmlns="http://www.netbeans.org/ns/editor-bookmarks/2" lastBookmarkId="0"/>
    <open-files xmlns="http://www.netbeans.org/ns/projectui-open-files/2">
        <group>
            <file>file:/D:/Users/juan_jose.viveros/Documents/Repositorios/Pila/Pila/Pila/src/modelo/Base.java</file>
            <file>file:/D:/Users/juan_jose.viveros/Documents/Repositorios/Pila/Pila/Pila/src/modelo/Pila.java</file>
            <file>file:/D:/Users/juan_jose.viveros/Documents/Repositorios/Pila/Pila/Pila/src/datos/Productos.java</file>
            <file>file:/D:/Users/juan_jose.viveros/Documents/Repositorios/Pila/Pila/Pila/src/modelo/OperacionesPila.java</file>
            <file>file:/D:/Users/juan_jose.viveros/Documents/Repositorios/Pila/Pila/Pila/src/vista/MainPila.java</file>
        </group>
    </open-files>
</project-private>
