<?xml version="1.0" encoding="UTF-8"?>
<project-private xmlns="http://www.netbeans.org/ns/project-private/1">
    <editor-bookmarks xmlns="http://www.netbeans.org/ns/editor-bookmarks/2" lastBookmarkId="0"/>
    <open-files xmlns="http://www.netbeans.org/ns/projectui-open-files/2">
        <group>
            <file>file:/D:/Users/juan_jose.viveros/Documents/NetBeansProjects/Ej3/src/controllerUI/FXMLDocumentController.java</file>
            <file>file:/D:/Users/juan_jose.viveros/Documents/NetBeansProjects/Ej3/src/vista/FXMLDocument.fxml</file>
            <file>file:/D:/Users/juan_jose.viveros/Documents/NetBeansProjects/Ej3/src/vista/Ej3.java</file>
            <file>file:/D:/Users/juan_jose.viveros/Documents/NetBeansProjects/Ej3/src/modelo/Punto2D.java</file>
        </group>
    </open-files>
</project-private>
